<profile version="1.0">
  <option name="myName" value="Default" />
  <inspection_tool class="PyPackageRequirementsInspection" enabled="true" level="WARNING" enabled_by_default="true">
    <option name="ignoredPackages">
      <value>
        <list size="139">
          <item index="0" class="java.lang.String" itemvalue="numba" />
          <item index="1" class="java.lang.String" itemvalue="testpath" />
          <item index="2" class="java.lang.String" itemvalue="PyYAML" />
          <item index="3" class="java.lang.String" itemvalue="pickleshare" />
          <item index="4" class="java.lang.String" itemvalue="defusedxml" />
          <item index="5" class="java.lang.String" itemvalue="patsy" />
          <item index="6" class="java.lang.String" itemvalue="ipython-genutils" />
          <item index="7" class="java.lang.String" itemvalue="tables" />
          <item index="8" class="java.lang.String" itemvalue="mccabe" />
          <item index="9" class="java.lang.String" itemvalue="HeapDict" />
          <item index="10" class="java.lang.String" itemvalue="sphinxcontrib-qthelp" />
          <item index="11" class="java.lang.String" itemvalue="docutils" />
          <item index="12" class="java.lang.String" itemvalue="soupsieve" />
          <item index="13" class="java.lang.String" itemvalue="comtypes" />
          <item index="14" class="java.lang.String" itemvalue="xlrd" />
          <item index="15" class="java.lang.String" itemvalue="pywin32" />
          <item index="16" class="java.lang.String" itemvalue="terminado" />
          <item index="17" class="java.lang.String" itemvalue="Werkzeug" />
          <item index="18" class="java.lang.String" itemvalue="anaconda-project" />
          <item index="19" class="java.lang.String" itemvalue="menuinst" />
          <item index="20" class="java.lang.String" itemvalue="pexpect" />
          <item index="21" class="java.lang.String" itemvalue="QDarkStyle" />
          <item index="22" class="java.lang.String" itemvalue="click" />
          <item index="23" class="java.lang.String" itemvalue="fastcache" />
          <item index="24" class="java.lang.String" itemvalue="cytoolz" />
          <item index="25" class="java.lang.String" itemvalue="backports.tempfile" />
          <item index="26" class="java.lang.String" itemvalue="msgpack" />
          <item index="27" class="java.lang.String" itemvalue="Bottleneck" />
          <item index="28" class="java.lang.String" itemvalue="decorator" />
          <item index="29" class="java.lang.String" itemvalue="brotlipy" />
          <item index="30" class="java.lang.String" itemvalue="pycurl" />
          <item index="31" class="java.lang.String" itemvalue="json5" />
          <item index="32" class="java.lang.String" itemvalue="pluggy" />
          <item index="33" class="java.lang.String" itemvalue="backports.shutil-get-terminal-size" />
          <item index="34" class="java.lang.String" itemvalue="pep8" />
          <item index="35" class="java.lang.String" itemvalue="Rtree" />
          <item index="36" class="java.lang.String" itemvalue="pycodestyle" />
          <item index="37" class="java.lang.String" itemvalue="pycosat" />
          <item index="38" class="java.lang.String" itemvalue="sphinxcontrib-devhelp" />
          <item index="39" class="java.lang.String" itemvalue="jdcal" />
          <item index="40" class="java.lang.String" itemvalue="mkl-fft" />
          <item index="41" class="java.lang.String" itemvalue="alabaster" />
          <item index="42" class="java.lang.String" itemvalue="jupyter" />
          <item index="43" class="java.lang.String" itemvalue="pkginfo" />
          <item index="44" class="java.lang.String" itemvalue="itsdangerous" />
          <item index="45" class="java.lang.String" itemvalue="pyreadline" />
          <item index="46" class="java.lang.String" itemvalue="tornado" />
          <item index="47" class="java.lang.String" itemvalue="glob2" />
          <item index="48" class="java.lang.String" itemvalue="Send2Trash" />
          <item index="49" class="java.lang.String" itemvalue="imagesize" />
          <item index="50" class="java.lang.String" itemvalue="jupyter-contrib-core" />
          <item index="51" class="java.lang.String" itemvalue="et-xmlfile" />
          <item index="52" class="java.lang.String" itemvalue="pathlib2" />
          <item index="53" class="java.lang.String" itemvalue="sortedcontainers" />
          <item index="54" class="java.lang.String" itemvalue="mistune" />
          <item index="55" class="java.lang.String" itemvalue="pathtools" />
          <item index="56" class="java.lang.String" itemvalue="Django" />
          <item index="57" class="java.lang.String" itemvalue="future" />
          <item index="58" class="java.lang.String" itemvalue="mpmath" />
          <item index="59" class="java.lang.String" itemvalue="ruamel-yaml" />
          <item index="60" class="java.lang.String" itemvalue="statsmodels" />
          <item index="61" class="java.lang.String" itemvalue="olefile" />
          <item index="62" class="java.lang.String" itemvalue="pytz" />
          <item index="63" class="java.lang.String" itemvalue="unicodecsv" />
          <item index="64" class="java.lang.String" itemvalue="webencodings" />
          <item index="65" class="java.lang.String" itemvalue="sphinxcontrib-applehelp" />
          <item index="66" class="java.lang.String" itemvalue="pywinpty" />
          <item index="67" class="java.lang.String" itemvalue="atomicwrites" />
          <item index="68" class="java.lang.String" itemvalue="python-dateutil" />
          <item index="69" class="java.lang.String" itemvalue="partd" />
          <item index="70" class="java.lang.String" itemvalue="QtPy" />
          <item index="71" class="java.lang.String" itemvalue="cycler" />
          <item index="72" class="java.lang.String" itemvalue="MarkupSafe" />
          <item index="73" class="java.lang.String" itemvalue="mkl-random" />
          <item index="74" class="java.lang.String" itemvalue="locket" />
          <item index="75" class="java.lang.String" itemvalue="snowballstemmer" />
          <item index="76" class="java.lang.String" itemvalue="filelock" />
          <item index="77" class="java.lang.String" itemvalue="contextlib2" />
          <item index="78" class="java.lang.String" itemvalue="conda-verify" />
          <item index="79" class="java.lang.String" itemvalue="pyzmq" />
          <item index="80" class="java.lang.String" itemvalue="certifi" />
          <item index="81" class="java.lang.String" itemvalue="astropy" />
          <item index="82" class="java.lang.String" itemvalue="entrypoints" />
          <item index="83" class="java.lang.String" itemvalue="anaconda-navigator" />
          <item index="84" class="java.lang.String" itemvalue="bkcharts" />
          <item index="85" class="java.lang.String" itemvalue="pyparsing" />
          <item index="86" class="java.lang.String" itemvalue="clyent" />
          <item index="87" class="java.lang.String" itemvalue="navigator-updater" />
          <item index="88" class="java.lang.String" itemvalue="wincertstore" />
          <item index="89" class="java.lang.String" itemvalue="xlwings" />
          <item index="90" class="java.lang.String" itemvalue="win-unicode-console" />
          <item index="91" class="java.lang.String" itemvalue="libarchive-c" />
          <item index="92" class="java.lang.String" itemvalue="tifffile" />
          <item index="93" class="java.lang.String" itemvalue="pyodbc" />
          <item index="94" class="java.lang.String" itemvalue="boto" />
          <item index="95" class="java.lang.String" itemvalue="h5py" />
          <item index="96" class="java.lang.String" itemvalue="wrapt" />
          <item index="97" class="java.lang.String" itemvalue="sphinxcontrib-htmlhelp" />
          <item index="98" class="java.lang.String" itemvalue="anaconda-client" />
          <item index="99" class="java.lang.String" itemvalue="backcall" />
          <item index="100" class="java.lang.String" itemvalue="PySocks" />
          <item index="101" class="java.lang.String" itemvalue="widgetsnbextension" />
          <item index="102" class="java.lang.String" itemvalue="backports.functools-lru-cache" />
          <item index="103" class="java.lang.String" itemvalue="multipledispatch" />
          <item index="104" class="java.lang.String" itemvalue="mock" />
          <item index="105" class="java.lang.String" itemvalue="async-generator" />
          <item index="106" class="java.lang.String" itemvalue="mkl-service" />
          <item index="107" class="java.lang.String" itemvalue="numexpr" />
          <item index="108" class="java.lang.String" itemvalue="scikit-image" />
          <item index="109" class="java.lang.String" itemvalue="jupyter-core" />
          <item index="110" class="java.lang.String" itemvalue="llvmlite" />
          <item index="111" class="java.lang.String" itemvalue="Jinja2" />
          <item index="112" class="java.lang.String" itemvalue="simplegeneric" />
          <item index="113" class="java.lang.String" itemvalue="mysql-connector-python" />
          <item index="114" class="java.lang.String" itemvalue="backports.weakref" />
          <item index="115" class="java.lang.String" itemvalue="pywin32-ctypes" />
          <item index="116" class="java.lang.String" itemvalue="conda" />
          <item index="117" class="java.lang.String" itemvalue="zict" />
          <item index="118" class="java.lang.String" itemvalue="xmltodict" />
          <item index="119" class="java.lang.String" itemvalue="sip" />
          <item index="120" class="java.lang.String" itemvalue="jupyterlab" />
          <item index="121" class="java.lang.String" itemvalue="zope.event" />
          <item index="122" class="java.lang.String" itemvalue="Flask" />
          <item index="123" class="java.lang.String" itemvalue="nose" />
          <item index="124" class="java.lang.String" itemvalue="sortedcollections" />
          <item index="125" class="java.lang.String" itemvalue="pyflakes" />
          <item index="126" class="java.lang.String" itemvalue="parso" />
          <item index="127" class="java.lang.String" itemvalue="pytest" />
          <item index="128" class="java.lang.String" itemvalue="sphinxcontrib-serializinghtml" />
          <item index="129" class="java.lang.String" itemvalue="conda-build" />
          <item index="130" class="java.lang.String" itemvalue="xlwt" />
          <item index="131" class="java.lang.String" itemvalue="packaging" />
          <item index="132" class="java.lang.String" itemvalue="prometheus-client" />
          <item index="133" class="java.lang.String" itemvalue="chardet" />
          <item index="134" class="java.lang.String" itemvalue="win-inet-pton" />
          <item index="135" class="java.lang.String" itemvalue="lazy-object-proxy" />
          <item index="136" class="java.lang.String" itemvalue="sphinxcontrib-jsmath" />
          <item index="137" class="java.lang.String" itemvalue="ply" />
          <item index="138" class="java.lang.String" itemvalue="argh" />
        </list>
      </value>
    </option>
  </inspection_tool>
</profile>